name,province,municipality,latitude,longitude,budget_level,local_transportation,entrance_fee_display,entrance_fee,typical_food_drinks,activities,estimated_cost_display,estimated_cost,pricing_type,fee_operational_notes,recommended_minutes_display,recommended_minutes,tag_1,tag_2,tag_3,possible_expenses,opening_time,closing_time,closed_days,operating_status,hours_source,hours_verified,daily_hours,hours_kind,hours_source_url,hours_source_label,hours_note
"Aguinaldo Shrine",Cavite,Kawit,14.45,120.91,economy,"₱20–₱100 local short-trip estimate (route/operator varies)","₱0 (no separate fee listed)",0.00,₱150–₱300/person,"₱0 — no separate activity fee identified",₱150–₱300,225.00,Free,"Free entry; voluntary donations welcome.",60–120,90,historical,cultural,photography,"local transport; food/drinks",08:00,16:00,monday,open,https://nhcp.gov.ph/meseums/museo-ni-emilio-aguinaldo/,2026-09-27,,,https://nhcp.gov.ph/meseums/museo-ni-emilio-aguinaldo/,"NHCP — Museo ni Emilio Aguinaldo","NHCP lists 8:00-16:00; several current map listings say 9:00-16:00."
"Anawangin Cove",Zambales,"San Antonio",14.88,120.07,economy,"₱50/person (local trip)",₱100,100.00,₱150–₱300/person,"₱100; ₱150","₱800–₱1,500",1150.00,Tiered,"₱100 standard day pass; overnight camping is ₱150.",120–240,180,beach,camping,water-activities,"local transfer/boat share or local ride; food/drinks; entrance/environmental fee; optional water/activity rental; optional camping/tent/campsite fee",00:00,23:59,,open,https://lakbaypinas.com/guide-to-anawangin-cove-zambales-hike-boat-fee/,2026-09-27,,always_open,https://lakbaypinas.com/guide-to-anawangin-cove-zambales-hike-boat-fee/,"Anawangin Cove guide","An ungated campsite reached by boat from Pundaquit, so there is no posted closing time. Boats run on demand rather than to a timetable, and quiet hours are enforced 22:00-23:00."
"Baguio Botanical Garden",Benguet,"Baguio City",16.42,120.61,economy,"₱13 minimum PUJ fare",₱40,40.00,₱150–₱300/person,"₱0 — no separate activity fee identified",₱250–₱500,375.00,"Fixed Rate","Standard adult fee; child discounts at gate.",120–240,180,nature,city,family-friendly,"local transport; food/drinks; entrance/environmental fee",06:00,18:00,,open,https://baguiocityguide.com/tourist-spots/botanical-garden/,2026-09-27,,,https://baguiocityguide.com/tourist-spots/botanical-garden/,"Baguio City Guide","Official Baguio VISITA page is JavaScript-rendered and unreadable by crawler; two secondary sources agree on 06:00-18:00 daily."
"Baler Hanging Bridge",Aurora,Baler,15.75,121.57,economy,"₱20–₱50 short local tricycle trip",₱20,20.00,₱150–₱300/person,"₱0 — no separate activity fee identified",₱200–₱400,300.00,"Fixed Rate","Local structural preservation fee.",120–240,180,adventure,countryside,photography,"local ride to jump-off; guide/registration where required; food/drinks; entrance/environmental fee",00:00,23:59,,open,https://www.aurora.ph/zabali-hanging-bridge/,2026-09-27,,always_open,https://www.aurora.ph/zabali-hanging-bridge/,"Zabali Hanging Bridge, Aurora","Free and ungated, and locals cross it as a daily commute, so it is never locked. It is closed in bad weather, and there is little shade."
"Baler Lighthouse",Aurora,Baler,15.75,121.63,economy,"₱20–₱100 local short-trip estimate (route/operator varies)",₱20,20.00,₱150–₱300/person,"₱0 — no separate activity fee identified",₱200–₱400,300.00,"Fixed Rate","Local community checkpoint fee.",60–120,90,historical,countryside,photography,"local transport; food/drinks; entrance/environmental fee",06:00,18:00,,open,https://www.aurora.ph/baler-lighthouse/,2026-09-27,,,https://www.aurora.ph/baler-lighthouse/,"Aurora province tourism","Out of service as a beacon. The climb is steep and the trail is slippery in the wet season, so the province discourages it then."
"Banaue Rice Terraces",Ifugao,Banaue,16.93,121.06,economy,"₱20–₱100 local short-trip estimate (route/operator varies)",₱50,50.00,₱150–₱300/person,"₱0 — no separate activity fee identified",₱250–₱600,425.00,"Permit / Conservation Fee","Fee collected at the town center/triage area upon entry.",180–360,270,mountain,nature,cultural,"local ride to jump-off; guide/registration where required; food/drinks; entrance/environmental fee",00:00,23:59,,open,https://travelcostcalculator.org/unesco/rice-terraces-of-the-philippine-cordilleras,2026-09-27,,always_open,https://travelcostcalculator.org/unesco/rice-terraces-of-the-philippine-cordilleras,"Rice Terraces of the Philippine Cordilleras","The roadside viewpoint is free and ungated, but the terraces are worked farmland, not a park. Municipal tourism offices run 06:00-18:00, and the recommended hiking window is 06:00-17:00. A ₱50-100 environmental fee is collected at checkpoints."
"Bangui Wind Farm","Ilocos Norte",Bangui,18.53,120.72,economy,"₱20–₱100 local short-trip estimate (route/operator varies)","₱0 (no separate fee listed)",0.00,₱150–₱300/person,"₱0 — no separate activity fee identified",₱150–₱350,250.00,Free,"Open public shoreline; no gate fees.",60–120,90,nature,budget-friendly,photography,"local transport; food/drinks",00:00,23:59,,open,https://banguiwindmills.com/fil/,2026-09-27,,always_open,https://banguiwindmills.com/fil/,"Bangui Windmills visitor guide","The shoreline viewing area is free and ungated, so it is reachable at any hour; daylight is far better for viewing. The turbines themselves are an operating power facility and are closed to the public."
"Bantay Abot Cave","Ilocos Norte",Pagudpud,18.61,120.87,economy,"₱20–₱100 local short-trip estimate (route/operator varies)","₱0 (no separate fee listed)",0.00,₱150–₱300/person,"₱0 — no separate activity fee identified",₱150–₱300,225.00,Free,"Free entry; optional ₱20 parking fee.",180–360,270,nature,adventure,photography,"local ride to jump-off; guide/registration where required; food/drinks",00:00,23:59,,open,https://en.wikipedia.org/wiki/Bantay_Abot_Cave,2026-09-27,,always_open,https://en.wikipedia.org/wiki/Bantay_Abot_Cave,"Natural formation, no gate","A natural rock arch on the shore with no gate, ticket booth or posted hours, so it is reachable at any hour. Visit in daylight: the entrance is submerged at high tide."
"Batad Rice Terraces",Ifugao,Banaue,16.93,121.14,economy,"₱20–₱100 local short-trip estimate (route/operator varies)",₱50,50.00,₱150–₱300/person,"₱0 — no separate activity fee identified",₱400–₱800,600.00,"Permit / Conservation Fee","Local community heritage checkpoint user fee.",180–360,270,mountain,cultural,adventure,"local ride to jump-off; guide/registration where required; food/drinks; entrance/environmental fee",06:00,17:00,,open,https://travelcostcalculator.org/unesco/rice-terraces-of-the-philippine-cordilleras,2026-09-27,,,https://travelcostcalculator.org/unesco/rice-terraces-of-the-philippine-cordilleras,"Rice Terraces of the Philippine Cordilleras","Unlike the Banaue viewpoint, Batad is a 45-minute hike down into the amphitheatre, so daylight governs: the recommended activity window is 06:00-17:00 and the trail gets dangerously slippery after rain. A guide is expected and a ₱100 heritage fee is collected at the Saddle."
"BenCab Museum",Benguet,Tuba,16.41,120.55,mid-range,"₱20–₱100 local short-trip estimate (route/operator varies)",₱200,200.00,₱250–₱500/person,"₱0 — no separate activity fee identified",₱450–₱800,625.00,"Fixed Rate","₱200 for adults; ₱150 for students/seniors.",60–120,90,mountain,cultural,photography,"local ride to jump-off; guide/registration where required; food/drinks; entrance/environmental fee; museum/site admission",09:00,18:00,,open,https://bencabmuseum.org/location-info/,2026-09-27,,,https://bencabmuseum.org/location-info/,"BenCab Museum official site",
"Burnham Park",Benguet,"Baguio City",16.41,120.59,economy,"₱13 minimum PUJ fare","₱0 (no separate fee listed)",0.00,₱150–₱300/person,₱100–₱150/hr,₱150–₱450,300.00,Free,"Free entry; boat rentals cost ₱100–₱150/hr.",60–120,90,city,family-friendly,budget-friendly,"local transport; food/drinks",00:00,23:59,,open,https://en.wikipedia.org/wiki/Burnham_Park_(Baguio),2026-09-27,,always_open,https://en.wikipedia.org/wiki/Burnham_Park_(Baguio),"Burnham Park","No gate and no closing time. The paid concessions (boat and bike rentals, skating) run roughly 07:00-18:00, and the Rose Garden and Orchidarium close around 18:00."
"Caliraya Lake",Laguna,Cavinti,14.29,121.53,mid-range,"₱20–₱100 local short-trip estimate (route/operator varies)","₱0 (no separate fee listed)",0.00,₱250–₱500/person,"Variable — no standalone current rate verified",₱250–₱800,525.00,Free,"Public roads are free; resorts charge separate fees.",120–240,180,nature,adventure,water-activities,"local transfer/boat share or local ride; food/drinks; optional water/activity rental",00:00,23:59,,open,https://www.thebackpackadventures.com/2021/09/caliraya-lake-laguna.html,2026-09-27,,always_open,https://www.thebackpackadventures.com/2021/09/caliraya-lake-laguna.html,"Caliraya Lake guide","Viewing the lake from the Lumban–Caliraya–Cavinti road is free and ungated at any hour. The resorts along the shore set their own hours, typically 07:00-17:00 for day passes, and that is where the paid activities are."
"Callao Cave",Cagayan,Peñablanca,17.71,121.82,economy,"₱20 standard tricycle; ₱40 taxi flag rate",₱50,50.00,₱150–₱300/person,"₱0 — no separate activity fee identified",₱300–₱700,500.00,"Fixed Rate","Standard visitor entrance fee for cave path.",180–360,270,nature,historical,adventure,"local ride to jump-off; guide/registration where required; food/drinks; entrance/environmental fee",09:00,17:00,,open,https://www.showcaves.com/english/ph/showcaves/Callao.html,2026-09-27,,,https://www.showcaves.com/english/ph/showcaves/Callao.html,"Show Caves of the Philippines","A guide is mandatory and included in the fee. The Cagayan provincial government closed the cave temporarily in September 2025 for a safety review, so confirm it is open before travelling."
"Calle Crisologo","Ilocos Sur","Vigan City",17.57,120.39,economy,"₱20–₱100 local short-trip estimate (route/operator varies)","₱0 (no separate fee listed)",0.00,₱150–₱300/person,"₱0 — no separate activity fee identified",₱150–₱400,275.00,Free,"Public pedestrian heritage street; open 24/7.",120–240,180,historical,cultural,shopping,"local transport; food/drinks",00:00,23:59,,open,https://whc.unesco.org/en/list/502/,2026-09-27,,always_open,https://whc.unesco.org/en/list/502/,"UNESCO World Heritage Centre","A public street in the Vigan heritage core, free and walkable at any hour. The shops and museums inside the ancestral houses keep their own hours, typically 09:00-18:00, and those are the ones that charge."
"Camp John Hay",Benguet,"Baguio City",16.4,120.61,mid-range,"₱13 minimum PUJ fare",₱85,85.00,₱250–₱500/person,"₱0 — no separate activity fee identified",₱250–₱500,375.00,Tiered,"₱85 for Historical Core; eco-spaces are free.",120–240,180,mountain,nature,relaxation,"local ride to jump-off; guide/registration where required; food/drinks; entrance/environmental fee",00:00,23:59,,open,https://www.jhmc.com.ph/,2026-09-27,,always_open,https://www.jhmc.com.ph/,"John Hay Management Corporation","The grounds are a free public leisure zone, but every attraction inside has its own hours and fee: the Historical Core runs 09:00-17:00 and Tree Top Adventure roughly 09:00-18:00. Trails close in bad weather."
"Cape Bojeador Lighthouse","Ilocos Norte",Burgos,18.51,120.6,economy,"₱20–₱100 local short-trip estimate (route/operator varies)",₱50,50.00,₱150–₱300/person,"₱0 — no separate activity fee identified",₱200–₱400,300.00,"Fixed Rate","Local historical preservation donation.",60–120,90,historical,cultural,photography,"local transport; food/drinks; entrance/environmental fee",08:00,17:00,,open,https://plizio.com/en/philippines/ph-iln/cape-bojeador-lighthouse/,2026-09-27,,,https://plizio.com/en/philippines/ph-iln/cape-bojeador-lighthouse/,"Ilocos Norte Tourism / Plizio","Hours vary on holidays. The lighthouse still operates, so parts of the tower are closed to visitors."
"Cape Engaño Lighthouse",Cagayan,"Santa Ana",18.58,122.14,mid-range,"₱20–₱100 local short-trip estimate (route/operator varies)",₱50,50.00,₱250–₱500/person,"₱0 — no separate activity fee identified","₱800–₱1,500",1150.00,"Permit / Conservation Fee","Covered within Palaui Island registration package.",60–120,90,mountain,historical,adventure,"local ride to jump-off; guide/registration where required; food/drinks; entrance/environmental fee",00:00,23:59,,open,https://pana.ph/blog/palaui-island-cape-engano-guide-2026,2026-09-27,,registration_window,https://pana.ph/blog/palaui-island-cape-engano-guide-2026,"Cape Engaño guide","Reachable only by a 45-minute to 3-hour guided trek across Palaui Island, or by boat to the cove and a 20-minute climb. No gate and no hours, but the trail is not marked, has no handrails, and is impassable in bad weather. The tower interior is restricted."
"Chico River",Kalinga,"Tabuk City",17.4,121.25,mid-range,"₱20–₱100 local short-trip estimate (route/operator varies)","₱0 (no separate fee listed)",0.00,₱250–₱500/person,"₱1,500–₱2,500","₱1,600–₱3,000",2300.00,Free,"Free river access; rafting guides cost ₱1,500–₱2,500.",180–360,270,mountain,adventure,water-activities,"local transfer/boat share or local ride; food/drinks; optional water/activity rental; activity/admission package",06:00,16:00,,open,https://www.rjdexplorer.com/kalinga-itinerary/,2026-09-27,,,https://www.rjdexplorer.com/kalinga-itinerary/,"Kalinga itinerary guide","The river is open year-round but white-water rafting is seasonal — the good water is July to January — and must be arranged in advance with a Kalinga operator, so there is no walk-up schedule. Runs take 3-4 hours, so morning starts are standard. The zigzag road through the park is light-vehicles only and dangerous."
"Clark Freeport Zone",Pampanga,"Angeles City",15.18,120.52,mid-range,"₱20–₱100 local short-trip estimate (route/operator varies)","₱0 (no separate fee listed)",0.00,₱250–₱500/person,"₱0 — no separate activity fee identified",₱200–₱600,400.00,Free,"Free zone entry; individual attractions vary.",120–240,180,food-and-dining,shopping,city,"local transport; food/drinks",00:00,23:59,,open,https://www.traveldojo.com/clark-special-economic-zone/,2026-09-27,,always_open,https://www.traveldojo.com/clark-special-economic-zone/,"Clark Special Economic Zone","A 4,400-hectare economic zone rather than one attraction, entered free through guarded gates around the clock — you need valid ID to pass. Every attraction inside (Aqua Planet, the Clark Museum, Dinosaurs Island) keeps its own hours and fee."
"Cloud 9 Antipolo",Rizal,"Antipolo City",14.61,121.15,economy,"₱20–₱100 local short-trip estimate (route/operator varies)",₱100,100.00,₱150–₱300/person,"₱0 — no separate activity fee identified",₱250–₱500,375.00,Tiered,"Standard walk-in fee; fee is waived if dining at the restaurant.",120–240,180,food-and-dining,city,photography,"local transport; food/drinks; entrance/environmental fee",08:00,22:00,,open,https://www.thepoortraveler.net/cloud-9-antipolo/,2026-09-27,,,https://www.thepoortraveler.net/cloud-9-antipolo/,"Cloud 9 Antipolo","A private complex, so the 08:00-22:00 window is enforced rather than published by a city. The restaurant stops serving food around 21:00 and the view deck itself is the reason to come, so arrive well before closing."
"Daranak Falls",Rizal,Tanay,14.54,121.31,economy,"₱20–₱100 local short-trip estimate (route/operator varies)",₱50,50.00,₱150–₱300/person,"Variable — no standalone current rate verified",₱250–₱500,375.00,"Fixed Rate","Standard adult general admission fee.",180–360,270,nature,budget-friendly,water-activities,"local transport; food/drinks; entrance/environmental fee; optional water/activity rental",08:00,17:00,,open,https://tanay.gov.ph/for-visitors/tourist-information/local-attractions/daranak-falls,2026-09-27,,,https://tanay.gov.ph/for-visitors/tourist-information/local-attractions/daranak-falls,"Municipality of Tanay, Rizal","Plastic and styrofoam are banned by municipal ordinance, as are alcohol and pets."
"Dicasalarin Cove",Aurora,Baler,15.74,121.63,premium,"₱20–₱100 local short-trip estimate (route/operator varies)",₱300,300.00,₱350–₱700/person,"Variable — no standalone current rate verified",₱500–₱900,700.00,"Fixed Rate","Day pass for private cove and weather station.",120–240,180,beach,mountain,romantic,"local transfer/boat share or local ride; food/drinks; entrance/environmental fee",07:00,16:00,,open,https://dicasalarin-cove.wheree.com/,2026-09-27,,,https://dicasalarin-cove.wheree.com/,"Dicasalarin Cove listing","Privately owned by the Angara family, so it has a gate and a day-tour only window; sources range from 06:00-18:00 to 08:00-17:00, so 07:00-16:00 is the safe middle. Stay at Costa Pacifica for a discounted rate. The access road is narrow, steep and unlit."
"Fort Santiago","Metro Manila",Manila,14.59,120.97,economy,"₱20–₱100 local short-trip estimate (route/operator varies)",₱150,150.00,₱150–₱300/person,"₱0 — no separate activity fee identified",₱250–₱500,375.00,Tiered,"₱150 for adults; ₱100 for students and seniors.",120–240,180,historical,cultural,family-friendly,"local transport; food/drinks; entrance/environmental fee; museum/site admission",,,,open,https://intramuros.gov.ph/hours/,2026-09-27,"{""monday"":{""open"":""08:00"",""close"":""22:00""},""tuesday"":{""open"":""08:00"",""close"":""22:00""},""wednesday"":{""open"":""08:00"",""close"":""22:00""},""thursday"":{""open"":""08:00"",""close"":""22:00""},""friday"":{""open"":""08:00"",""close"":""22:00""},""saturday"":{""open"":""06:00"",""close"":""22:00""},""sunday"":{""open"":""06:00"",""close"":""22:00""}}",per_day,https://intramuros.gov.ph/hours/,"Intramuros Administration","Last entry 8:00 PM Mon-Fri, 8:30 PM Sat-Sun. Entry after that may be limited to advance bookings."
"Hinulugang Taktak",Rizal,"Antipolo City",14.59,121.17,economy,"₱20–₱100 local short-trip estimate (route/operator varies)",₱30,30.00,₱150–₱300/person,"₱0 — no separate activity fee identified",₱150–₱400,275.00,"Fixed Rate","Base registration fee; pool usage runs extra.",120–240,180,nature,family-friendly,budget-friendly,"local transport; food/drinks; entrance/environmental fee",07:00,16:00,monday,open,https://www.philippinescompass.com/hinulugang-taktak-antipolo-nature-adventure-park-guide/,2026-09-27,,,https://www.philippinescompass.com/hinulugang-taktak-antipolo-nature-adventure-park-guide/,"Hinulugang Taktak park page","Park hours are 07:00-16:00 but the activities run 08:00-15:00, so arrive early. Closed Mondays for maintenance; entry is currently free."
"Hulugan Falls",Laguna,Luisiana,14.21,121.48,economy,"₱20–₱100 local short-trip estimate (route/operator varies)",₱40,40.00,₱150–₱300/person,"Variable — no standalone current rate verified",₱600–₱900,750.00,"Fixed Rate","Trailhead fee; excludes optional guide tips.",180–360,270,nature,adventure,water-activities,"local ride to jump-off; guide/registration where required; food/drinks; entrance/environmental fee; optional water/activity rental",06:00,16:00,,open,https://lakbaypinas.com/ultimate-guide-to-hulugan-falls-in-laguna-2025/,2026-09-27,,,https://lakbaypinas.com/ultimate-guide-to-hulugan-falls-in-laguna-2025/,"Hulugan Falls guide","A registered guide is required. The last group is usually let start by 15:00 because guides must be back before dark, and the LGU closes the site entirely in heavy rain."
"Hundred Islands National Park",Pangasinan,"Alaminos City",16.2,121.04,economy,"₱20–₱100 local short-trip estimate (route/operator varies)",₱100,100.00,₱150–₱300/person,"Variable — no standalone current rate verified","₱600–₱1,100",850.00,"Permit / Conservation Fee","Environmental pass; excludes boat rentals.",60–120,90,beach,adventure,water-activities,"local transfer/boat share or local ride; food/drinks; entrance/environmental fee; optional water/activity rental",08:00,17:00,,open,https://thehundredislands.ph/,2026-09-27,,,https://thehundredislands.ph/,"Hundred Islands National Park","These are the Lucap Wharf visitor centre and boat-booking hours. The islets themselves are always accessible once you have a boat."
"Ipo Dam View",Bulacan,Norzagaray,14.89,121.14,economy,"₱20–₱100 local short-trip estimate (route/operator varies)","₱0 (no separate fee listed)",0.00,₱150–₱300/person,"₱0 — no separate activity fee identified",₱150–₱350,250.00,Free,"Free roadside viewing; watershed requires permit.",120–240,180,mountain,nature,budget-friendly,"local ride to jump-off; guide/registration where required; food/drinks",00:00,23:59,,open,https://en.wikipedia.org/wiki/Ipo_Dam,2026-09-27,,always_open,https://en.wikipedia.org/wiki/Ipo_Dam,"Ipo Dam, Norzagaray","The roadside view decks and the Mountain View park along the road are ungated and reachable at any hour for a ₱10-20 fee. Entering the dam itself is different: it is MWSS-operated, needs prior arrangement, security registration at several checkpoints, and a permit for groups of 30 or more."
"Kapurpurawan Rock Formations","Ilocos Norte",Burgos,18.54,120.65,economy,"₱20–₱100 local short-trip estimate (route/operator varies)",₱30,30.00,₱150–₱300/person,"₱0 — no separate activity fee identified",₱200–₱400,300.00,"Fixed Rate","Municipal fee to protect limestone rock faces.",180–360,270,nature,photography,,"local transport; food/drinks; entrance/environmental fee",06:00,18:00,,open,https://ilocosnorte.ph/,2026-09-27,,,https://ilocosnorte.ph/,"Ilocos Norte provincial government","A natural site open in daylight hours; swimming and horse riding cost extra and have their own windows."
"Kiltepan Viewpoint","Mountain Province",Sagada,17.09,120.91,economy,"₱20–₱100 local short-trip estimate (route/operator varies)",₱50,50.00,₱150–₱300/person,"₱0 — no separate activity fee identified",₱300–₱700,500.00,"Fixed Rate","Local environment and cleanup fee at sunrise deck.",180–360,270,mountain,nature,photography,"local ride to jump-off; guide/registration where required; food/drinks; entrance/environmental fee",00:00,23:59,,open,https://lostandwonder.com/sagada-sea-of-clouds/,2026-09-27,,always_open,https://lostandwonder.com/sagada-sea-of-clouds/,"Sagada sea of clouds guide","An open mountainside with no gate, walked in the dark for sunrise — the trailhead is a 10-minute walk from town. It was closed after a 2018 fire and the main viewpoint has been closed or under repair at times since; Pog-o is the alternative. Expect crowds before 05:30."
"La Mesa Eco Park","Metro Manila","Quezon City",14.71,121.07,economy,"₱20–₱100 local short-trip estimate (route/operator varies)",₱50,50.00,₱150–₱300/person,"₱0 — no separate activity fee identified",₱250–₱500,375.00,"Fixed Rate","Nature preserve maintenance and watershed fee.",60–120,90,nature,family-friendly,budget-friendly,"local transport; food/drinks; entrance/environmental fee",07:00,16:00,monday,open,https://quezoncity.gov.ph/place/la-mesa-eco-park/,2026-09-27,,reservation_required,https://quezoncity.gov.ph/place/la-mesa-eco-park/,"Quezon City government","Closed every Monday for maintenance, and a reservation is required — walk-ins are turned away because attendance is capped at 1,000 a day."
"Las Casas Filipinas de Acuzar",Bataan,Bagac,14.6,120.39,premium,"₱20–₱100 local short-trip estimate (route/operator varies)","₱2,500",2500.00,₱350–₱700/person,"₱2,500","₱2,700–₱3,500",3100.00,Tiered,"₱2,500 standard pass; peak season pricing varies.",120–240,180,historical,cultural,romantic,"local transport; food/drinks; entrance/environmental fee; activity/admission package",08:00,18:00,,open,https://lascasasfilipinas.com/,2026-09-27,,,https://lascasasfilipinas.com/,"Las Casas Filipinas de Acuzar official site","A private heritage resort, so the day-tour window is enforced: guests may stay on the property 08:00-18:00. Walking tours run on fixed departure times, not open access, and an environmental fee is charged under a Bagac ordinance."
"Masungi Georeserve",Rizal,Baras,14.6,121.32,premium,"₱20–₱100 local short-trip estimate (route/operator varies)","₱1,700",1700.00,₱350–₱700/person,"₱1,700; ₱2,000","₱1,900–₱2,400",2150.00,"Permit / Conservation Fee","₱1,700 Weekday / ₱2,000 Weekend; requires booking.",120–240,180,mountain,nature,adventure,"local ride to jump-off; guide/registration where required; food/drinks; entrance/environmental fee; activity/admission package",08:00,16:00,monday,open,https://www.masungigeoreserve.com/public/contact-us,2026-09-27,,,https://www.masungigeoreserve.com/public/contact-us,"Masungi Georeserve","Visits must be booked ahead; trail start times vary by weekday vs weekend."
"Mayon SkyDrive ATV Adventure",Albay,Daraga,13.16,123.7,mid-range,"₱20–₱100 local short-trip estimate (route/operator varies)",₱500,500.00,₱250–₱500/person,₱500,"₱700–₱1,200",950.00,Activity-Based,"Starts at ₱500; prices vary by trail length and vehicle size.",120–240,180,mountain,adventure,photography,"local ride to jump-off; guide/registration where required; food/drinks; entrance/environmental fee; activity/admission package",06:00,17:00,,open,https://mayonskydrive.com/faq/,2026-09-27,,,https://mayonskydrive.com/faq/,"Mayon SkyDrive official FAQ","A DOT-accredited operator, so the window is enforced, not published by a city. Rides start at 07:00 and the cut-off is 15:00 for long trails. Self-driving is 16+, the 4x4 and bike lanes have no comfort room on the trail, and operations stop in a typhoon or eruption."
"Mayon Volcano Natural Park",Albay,"Tabaco CIty",13.25,123.69,economy,"₱20–₱100 local short-trip estimate (route/operator varies)",₱15,15.00,₱150–₱300/person,"₱0 — no separate activity fee identified",₱250–₱600,425.00,"Permit / Conservation Fee","Mandatory environmental fees collected per person at designated park entry zones.",60–120,90,mountain,nature,historical,"local ride to jump-off; guide/registration where required; food/drinks; entrance/environmental fee",00:00,23:59,,open,https://en.wikipedia.org/wiki/Mayon_Volcano_Natural_Park,2026-09-27,,alert_dependent,https://en.wikipedia.org/wiki/Mayon_Volcano_Natural_Park,"Mayon Volcano Natural Park","Always open as a protected area, but tourism activity is suspended or restricted by PHIVOLCS alert level, and the observation deck gets slippery in wet weather. The popular trailhead and viewing areas around Daraga, Tabaco and Malilipot are open 24/7; the paid Cagsawa Ruins park next to it is a separate 07:00-18:00 site."
"Minalungao National Park","Nueva Ecija","General Tinio",15.3,121.12,economy,"₱20–₱100 local short-trip estimate (route/operator varies)",₱100,100.00,₱150–₱300/person,"Variable — no standalone current rate verified",₱500–₱900,700.00,"Fixed Rate","Environmental river gorge registration fee.",60–120,90,nature,adventure,water-activities,"local ride to jump-off; guide/registration where required; food/drinks; entrance/environmental fee; optional water/activity rental",07:00,17:00,,open,https://outoftownblog.com/travel-guide-minalungao-national-park/,2026-09-27,,,https://outoftownblog.com/travel-guide-minalungao-national-park/,"Minalungao National Park guide","No swimming and no signal, and the water turns brown after a storm. Entrance has been quoted at ₱100 and ₱200 in different years, so check before going."
"Minor Basilica of Our Lady of Piat",Cagayan,Piat,17.79,121.48,economy,"₱20–₱100 local short-trip estimate (route/operator varies)","₱0 (no separate fee listed)",0.00,₱150–₱300/person,"₱0 — no separate activity fee identified",₱150–₱350,250.00,Free,"Public pilgrimage site; free entry.",60–120,90,historical,cultural,family-friendly,"local transport; food/drinks",05:30,22:00,,open,https://www.philmass.com/Asia/Philippines/Cagayan/Piat/Roman-Catholic-Churches/Minor-Basilica-of-Our-Lady-of-Piat/mass-schedule.html,2026-09-27,,,https://www.philmass.com/Asia/Philippines/Cagayan/Piat/Roman-Catholic-Churches/Minor-Basilica-of-Our-Lady-of-Piat/mass-schedule.html,"PhilMass schedule","The compound is open to visitors roughly 05:30-22:00; Masses run from 05:30 on Sundays and 06:00 on weekdays, latest ending 17:30. The parish office keeps separate weekday hours."
"Mirador Heritage and Eco Park",Benguet,"Baguio City",16.41,120.58,economy,"₱13 minimum PUJ fare",₱100,100.00,₱150–₱300/person,"₱0 — no separate activity fee identified",₱250–₱500,375.00,"Fixed Rate","Upkeep fee for stone terrace trails and peace bell.",60–120,90,mountain,cultural,relaxation,"local ride to jump-off; guide/registration where required; food/drinks; entrance/environmental fee",06:00,18:00,,open,https://www.miradorjesuitvilla.com/mirador-heritage-and-eco-spirituality-park/,2026-09-27,,,https://www.miradorjesuitvilla.com/mirador-heritage-and-eco-spirituality-park/,"Mirador Jesuit Villa","One source lists 08:00-18:00 on weekdays and 07:30-19:00 at weekends, so 06:00-18:00 is the commonly cited daily window. No reservation needed except for events; pets and outside food are not allowed."
"Mt. Batulao",Batangas,Nasugbu,14.04,120.8,economy,"₱20–₱100 local short-trip estimate (route/operator varies)",₱150,150.00,₱150–₱300/person,"₱0 — no separate activity fee identified","₱800–₱1,300",1050.00,Tiered,"Cumulative registration across separate checkpoints.",120–240,180,mountain,nature,adventure,"local ride to jump-off; guide/registration where required; food/drinks; entrance/environmental fee",05:00,23:59,,open,https://lakbaypinas.com/mt-batulao-masl-difficulty-hike-height-location/,2026-09-27,,,https://lakbaypinas.com/mt-batulao-masl-difficulty-hike-height-location/,"Mt. Batulao guide","The main registration booth opens at 05:00, but the caretaker checkpoints further up the mountain are staffed around the clock, so pre-dawn starts are normal. A guide is now mandatory for every hiker, and weekend queues can stretch a 4-hour hike to 8."
"Mt. Daraitan",Rizal,Tanay,14.61,121.44,economy,"₱20–₱100 local short-trip estimate (route/operator varies)",₱100,100.00,₱150–₱300/person,"₱0 — no separate activity fee identified","₱700–₱1,200",950.00,"Permit / Conservation Fee","Unified environmental clearance and safety pass.",120–240,180,mountain,adventure,camping,"local ride to jump-off; guide/registration where required; food/drinks; entrance/environmental fee; optional camping/tent/campsite fee",03:00,18:00,,open,https://lakbaypinas.com/mt-daraitan-tanay-rizal-tinipak-river-travel-guide/,2026-09-27,,registration_window,https://lakbaypinas.com/mt-daraitan-tanay-rizal-tinipak-river-travel-guide/,"Mt. Daraitan guide","The registration desk opens at 03:00 and that is not a typo: the LGU caps the summit at 300 climbers a day, the cap fills before sunrise on weekends, and independent hiking is prohibited. Once full, late arrivals are redirected to the Tinipak River trek instead."
"Mt. Pinatubo",Tarlac,Capas,15.14,120.35,premium,"₱20–₱100 local short-trip estimate (route/operator varies)","₱1,000",1000.00,₱350–₱700/person,"₱0 — no separate activity fee identified","₱1,500–₱2,500",2000.00,"Permit / Conservation Fee","Includes domain tax, eco-clearance, and bot fees.",120–240,180,mountain,adventure,photography,"local ride to jump-off; guide/registration where required; food/drinks; entrance/environmental fee",05:00,07:00,,open,https://pana.ph/blog/mount-pinatubo-crater-trek-access-2026,2026-09-27,,registration_window,https://pana.ph/blog/mount-pinatubo-crater-trek-access-2026,"Pinatubo access guide","This is the registration window at the Sta. Juliana tourism office, not a place you can walk into: you cannot hike independently, and a 4×4, guide and permit are mandatory. Registration closes at 07:00 sharp and the trail closes in the wet season."
"Mt. Pulag",Benguet,Kabayan,16.6,120.9,mid-range,"₱20–₱100 local short-trip estimate (route/operator varies)",₱175,175.00,₱250–₱500/person,"₱0 — no separate activity fee identified","₱800–₱1,500",1150.00,"Permit / Conservation Fee","DENR registration fee; excludes guide fees.",120–240,180,mountain,adventure,camping,"local ride to jump-off; guide/registration where required; food/drinks; entrance/environmental fee; optional camping/tent/campsite fee",08:00,17:00,,open,https://pack-lightly.com/philippines/mount-pulag-national-park/,2026-09-27,,,https://pack-lightly.com/philippines/mount-pulag-national-park/,"Mount Pulag visitor guide","Ranger-station hours only. Access is DENR permit-controlled with daily quotas that sell out for the February–March sea-of-clouds season, so book weeks ahead. Trekkers typically start around 04:00 for sunrise."
"Mt. Ulap",Benguet,Itogon,16.29,120.63,economy,"₱800/group up to 7 (guide, not transport)",₱150,150.00,₱150–₱300/person,"₱0 — no separate activity fee identified","₱700–₱1,300",1000.00,"Fixed Rate","Local registration fee per hiker at trailhead.",120–240,180,mountain,adventure,photography,"local ride to jump-off; guide/registration where required; food/drinks; entrance/environmental fee",04:00,17:00,,open,https://lakbaypinas.com/ultimate-guide-to-mt-ulap-in-itogon-benguet/,2026-09-27,,registration_window,https://lakbaypinas.com/ultimate-guide-to-mt-ulap-in-itogon-benguet/,"Mt. Ulap guide","Registration at the Ampucao Barangay Hall opens 04:00 on weekends and 05:00 on weekdays; you cannot hike without a guide. The eco-trail was suspended and reopened on 16 September 2026 under EO 2026-71, so check for fresh advisories."
"Museo De Baler",Aurora,Baler,15.76,121.56,economy,"₱20–₱100 local short-trip estimate (route/operator varies)",₱30,30.00,₱150–₱300/person,"₱0 — no separate activity fee identified",₱200–₱400,300.00,"Fixed Rate","Covers entry to historical exhibits to Doña Aurora Quezon House.",120–240,180,historical,cultural,budget-friendly,"local transport; food/drinks; entrance/environmental fee; museum/site admission",09:00,17:00,,open,https://www.nationalmuseum.gov.ph/2026/06/30/nmp-opens-22nd-component-museum-in-baler-aurora/,2026-09-27,,,https://www.nationalmuseum.gov.ph/2026/06/30/nmp-opens-22nd-component-museum-in-baler-aurora/,"National Museum of the Philippines","Opened 30 June 2026 and free of charge; closed on government holidays."
"Nagsasa Cove",Zambales,"San Antonio",14.92,120.06,economy,"₱20–₱100 local short-trip estimate (route/operator varies)",₱100,100.00,₱150–₱300/person,"Variable — no standalone current rate verified","₱800–₱1,500",1150.00,"Fixed Rate","Base environmental user fee for coastal valley.",120–240,180,beach,camping,water-activities,"local transfer/boat share or local ride; food/drinks; entrance/environmental fee; optional water/activity rental; optional camping/tent/campsite fee",00:00,23:59,,open,https://lakbaypinas.com/nagsasa-cove-zambales-diy-travel-itinerary-beach/,2026-09-27,,always_open,https://lakbaypinas.com/nagsasa-cove-zambales-diy-travel-itinerary-beach/,"Nagsasa Cove guide","A natural cove with no gate, so the beach itself has no hours; the constraint is the banca from Pundaquit, which only runs in daylight. Facilities are basic: no electricity or mobile signal."
"National Museum of the Philippines","Metro Manila",Manila,14.59,120.87,economy,"₱20–₱100 local short-trip estimate (route/operator varies)","₱0 (no separate fee listed)",0.00,₱150–₱300/person,"₱0 — no separate activity fee identified",₱150–₱350,250.00,Free,"Free entry for visitors; groups of 20+ must book online in advance.",60–120,90,historical,cultural,budget-friendly,"local transport; food/drinks; museum/site admission",09:00,18:00,,open,https://www.nationalmuseum.gov.ph/,2026-09-27,,,https://www.nationalmuseum.gov.ph/,"National Museum of the Philippines","All regional branches keep the same 09:00-18:00 window; open every day."
"Palaui Island",Cagayan,"Santa Ana",18.56,122.14,mid-range,"₱20–₱100 local short-trip estimate (route/operator varies)",₱70,70.00,₱250–₱500/person,"Variable — no standalone current rate verified","₱800–₱1,500",1150.00,"Permit / Conservation Fee","Separate mandatory guide and boat rental rates apply.",120–240,180,beach,adventure,camping,"local transfer/boat share or local ride; food/drinks; entrance/environmental fee; optional camping/tent/campsite fee",00:00,23:59,,open,https://pana.ph/blog/palaui-island-cape-engano-guide-2026,2026-09-27,,registration_window,https://pana.ph/blog/palaui-island-cape-engano-guide-2026,"Palaui Island guide","An uninhabited protected island with no facilities, reached only by chartered banca from San Vicente port. There are no posted hours, but boats are weather-bound: July to October crossings are frequently cancelled, and there is no phone signal on the island."
"Paoay Sand Dunes Adventures","Ilocos Norte",Paoay,18.14,120.52,premium,"₱20–₱100 local short-trip estimate (route/operator varies)","₱2,500",2500.00,₱350–₱700/person,"Variable — no standalone current rate verified","₱2,700–₱3,500",3100.00,Activity-Based,"Fits 5 people per 4x4; package includes unlimited sandboarding.",120–240,180,adventure,photography,,"local ride to jump-off; guide/registration where required; food/drinks; entrance/environmental fee; activity/admission package",06:00,18:00,,open,https://wanderlog.com/place/details/402032/paoay-sand-dunes-adventures-suba,2026-09-27,,,https://wanderlog.com/place/details/402032/paoay-sand-dunes-adventures-suba,"Ilocos Norte Tourism / Wanderlog","Driver-reported start times run earlier than these posted hours, so book the ride before travelling."
"Pintô Art Museum",Rizal,"Antipolo City",14.58,121.16,mid-range,"₱20–₱100 local short-trip estimate (route/operator varies)",₱250,250.00,₱250–₱500/person,"₱0 — no separate activity fee identified",₱400–₱700,550.00,Tiered,"₱250 for adults; ₱200 for seniors/students.",60–120,90,cultural,romantic,photography,"local transport; food/drinks; entrance/environmental fee; museum/site admission",10:00,18:00,monday,open,https://pintoart.org/museum/,2026-09-27,,,https://pintoart.org/museum/,"Pintô Art Museum",
"Quezon Protected Landscape",Quezon,Atimonan,13.99,121.82,economy,"₱20–₱100 local short-trip estimate (route/operator varies)",₱30,30.00,₱150–₱300/person,"₱0 — no separate activity fee identified",₱400–₱800,600.00,"Permit / Conservation Fee","Separate vehicle environmental fees and trail guide costs apply.",120–240,180,nature,adventure,camping,"local ride to jump-off; guide/registration where required; food/drinks; entrance/environmental fee; optional camping/tent/campsite fee",00:00,23:59,,open,https://en.wikipedia.org/wiki/Quezon_Protected_Landscape,2026-09-27,,always_open,https://en.wikipedia.org/wiki/Quezon_Protected_Landscape,"Quezon Protected Landscape","A free protected area with no gate, open around the clock; the facilities inside it are what close, with the Zigzag Park stores shutting around 18:00-19:00. Quezon Adventure Park and the Herbal Pavilion are undergoing a ₱10M rehabilitation, so parts may be restricted."
"Rizal Park","Metro Manila",Manila,14.58,120.98,economy,"₱20–₱100 local short-trip estimate (route/operator varies)","₱0 (no separate fee listed)",0.00,₱150–₱300/person,"₱0 — no separate activity fee identified",₱100–₱300,200.00,Free,"Free public park; enclosed gardens cost ₱10–₱20.",60–120,90,historical,city,family-friendly,"local transport; food/drinks",05:00,22:00,,open,https://npdc.gov.ph/contact-us/,2026-09-27,,,https://npdc.gov.ph/contact-us/,"National Parks Development Committee",
"Sabang Beach",Aurora,Baler,15.76,121.58,economy,"₱20–₱100 local short-trip estimate (route/operator varies)","₱0 (no separate fee listed)",0.00,₱150–₱300/person,"Variable — no standalone current rate verified",₱150–₱350,250.00,Free,"Open public municipal surf break; no gates.",120–240,180,beach,adventure,water-activities,"local transfer/boat share or local ride; food/drinks; optional water/activity rental",00:00,23:59,,open,https://lakbaypinas.com/sabang-beach-baler-aurora-diy-travel-guide/,2026-09-27,,always_open,https://lakbaypinas.com/sabang-beach-baler-aurora-diy-travel-guide/,"Sabang Beach guide","A public beach with no entrance fee and no gate. Surf lessons and board rental are what cost money, and the surf season runs September to February."
Sagada,"Mountain Province",Sagada,17.1,120.91,economy,"₱20–₱100 local short-trip estimate (route/operator varies)",₱100,100.00,₱150–₱300/person,"₱0 — no separate activity fee identified",₱500–₱900,700.00,"Permit / Conservation Fee","Mandatory tourist tracking card fee at tourism center.",120–240,180,mountain,cultural,adventure,"local ride to jump-off; guide/registration where required; food/drinks; entrance/environmental fee",00:00,23:59,,open,https://tourism.sagada.gov.ph/sagada-tourist-sites/,2026-09-27,,always_open,https://tourism.sagada.gov.ph/sagada-tourist-sites/,"Sagada Tourism Office","A scattered mountain municipality rather than one gated site, so there is no single set of hours. The tourism office itself is open 08:00-17:00 daily, and every cave and Echo Valley route needs a registered guide plus a ₱50 registration fee."
"Sagada Sumaguing Cave","Mountain Province",Sagada,17.07,120.9,mid-range,"₱20–₱100 local short-trip estimate (route/operator varies)",₱800,800.00,₱250–₱500/person,"₱0 — no separate activity fee identified","₱700–₱1,200",950.00,Activity-Based,"Covers 4 guests; requires separate town environmental receipt.",180–360,270,nature,adventure,,"local ride to jump-off; guide/registration where required; food/drinks; entrance/environmental fee",06:00,17:00,,open,https://evendo.com/locations/philippines/cordillera-administrative-region/attraction/sumaguing-cave,2026-09-27,,,https://evendo.com/locations/philippines/cordillera-administrative-region/attraction/sumaguing-cave,"Sumaguing Cave listing","A registered guide is mandatory and must be booked in person. The Sagada LGU closes the cave periodically, so confirm the day you travel."
"San Agustin Church of Paoay","Ilocos Norte",Paoay,18.06,120.52,economy,"₱20–₱100 local short-trip estimate (route/operator varies)","₱0 (no separate fee listed)",0.00,₱150–₱300/person,"₱0 — no separate activity fee identified",₱150–₱350,250.00,Free,"National historical landmark; free entry.",60–120,90,historical,cultural,photography,"local transport; food/drinks",08:00,17:00,,open,https://airial.travel/attractions/philippines/paoay/paoay-church-st-augustine-TX6FjDRY,2026-09-27,,,https://airial.travel/attractions/philippines/paoay/paoay-church-st-augustine-TX6FjDRY,"Visiting hours via Airial","Posted visiting hours are 08:00-11:55 and 13:30-17:00 because of services; the exterior is visible at any time. Interior access varies by day."
"San Juan La Union","La Union","San Juan",16.67,120.34,economy,"₱20–₱100 local short-trip estimate (route/operator varies)",₱50,50.00,₱150–₱300/person,"Variable — no standalone current rate verified",₱300–₱700,500.00,"Permit / Conservation Fee","Mandatory eco-tourism environmental fee collected from tourists.",120–240,180,beach,food-and-dining,water-activities,"local transport; food/drinks; entrance/environmental fee; optional water/activity rental",00:00,23:59,,open,http://sanjuanlaunion.gov.ph/urbiztondo-beach/,2026-09-27,,always_open,http://sanjuanlaunion.gov.ph/urbiztondo-beach/,"San Juan municipal tourism","Urbiztondo Beach has no gate and no posted hours. The LGU collects a ₱50 environmental fee per person, and surf schools run lessons roughly 06:00-17:00."
"Seven Lakes of San Pablo",Laguna,"San Pablo City",14.07,121.33,economy,"₱20–₱100 local short-trip estimate (route/operator varies)","₱0 (no separate fee listed)",0.00,₱150–₱300/person,"Variable — no standalone current rate verified",₱200–₱500,350.00,Free,"Free public lake lines; tricycle loops vary in cost.",120–240,180,nature,countryside,relaxation,"local transfer/boat share or local ride; food/drinks",00:00,23:59,,open,https://www.bettersanpablo.org/attractions,2026-09-27,,always_open,https://www.bettersanpablo.org/attractions,"San Pablo City government","Seven separate crater lakes, not one site, and each is run by its own community. The Sampaloc promenade beside City Hall is free and ungated; Pandin runs paid 2-hour bamboo-raft tours from roughly 07:00 to 17:00. Fees are set per lake and change, so verify with the city tourism office."
"Sierra Madre Mountain View",Rizal,Tanay,14.58,121.36,economy,"₱20–₱100 local short-trip estimate (route/operator varies)","₱0 (no separate fee listed)",0.00,₱150–₱300/person,"₱0 — no separate activity fee identified",₱150–₱400,275.00,Free,"Open highway overlooks; roadside cafe orders separate.",180–360,270,mountain,countryside,photography,"local ride to jump-off; guide/registration where required; food/drinks",00:00,23:59,,open,https://tanay.gov.ph/for-visitors/tourist-information/local-attractions/,2026-09-27,,always_open,https://tanay.gov.ph/for-visitors/tourist-information/local-attractions/,"Municipality of Tanay, Rizal","A dispersed mountain range rather than one gated viewpoint, so no single set of hours applies; the ridgelines and river areas around Tanay are reached on foot from several barangays."
"Taal Basilica",Batangas,Taal,13.88,120.92,economy,"₱20–₱100 local short-trip estimate (route/operator varies)","₱0 (no separate fee listed)",0.00,₱150–₱300/person,"₱0 — no separate activity fee identified",₱150–₱350,250.00,Free,"Free entry; ₱50 fee applies to climb bell tower.",60–120,90,historical,cultural,budget-friendly,"local transport; food/drinks",,,,open,https://wanderlog.com/place/details/30745/minor-basilica-and-parish-of-st-martin-of-tours,2026-09-27,"{""monday"":{""open"":""05:00"",""close"":""18:00""},""tuesday"":{""open"":""05:00"",""close"":""18:00""},""wednesday"":{""open"":""05:00"",""close"":""18:00""},""thursday"":{""open"":""05:00"",""close"":""18:00""},""friday"":{""open"":""05:00"",""close"":""18:00""},""saturday"":{""open"":""05:00"",""close"":""18:00""},""sunday"":{""open"":""05:00"",""close"":""18:00""}}",per_day,https://wanderlog.com/place/details/30745/minor-basilica-and-parish-of-st-martin-of-tours,"Visiting hours via Wanderlog","Gate hours are wider than the Mass schedule; church events can close it."
"Taal Heritage Town",Batangas,Taal,13.88,120.92,economy,"₱20–₱100 local short-trip estimate (route/operator varies)","₱0 (no separate fee listed)",0.00,₱150–₱300/person,"₱0 — no separate activity fee identified",₱150–₱400,275.00,Free,"Free public street access; home donations vary.",60–120,90,historical,cultural,photography,"local transport; food/drinks",09:00,17:00,,open,https://evendo.com/locations/philippines/calabarzon/attraction/the-heritage-town-of-taal,2026-09-27,,,https://evendo.com/locations/philippines/calabarzon/attraction/the-heritage-town-of-taal,"Taal tourism listings","Individual ancestral houses and museums inside the heritage district keep their own hours, often shorter than the district window."
"Taal Volcano View",Cavite,"Tagaytay City",14.09,120.93,economy,"₱20–₱100 local short-trip estimate (route/operator varies)","₱0 (no separate fee listed)",0.00,₱150–₱300/person,"₱0 — no separate activity fee identified",₱150–₱400,275.00,Free,"Commercial parks or restaurants charge separate entry fees.",120–240,180,mountain,nature,photography,"local ride to jump-off; guide/registration where required; food/drinks",00:00,23:59,,open,https://pana.ph/blog/taal-volcano-visiting-rules-access-2026,2026-09-27,,alert_dependent,https://pana.ph/blog/taal-volcano-visiting-rules-access-2026,"Taal access rules","This is the Tagaytay ridge view, which is free from the roadside at any hour. It is NOT the crater: landing on Volcano Island follows the PHIVOLCS alert level and is typically closed at level 2 or above, and it has been at level 1 for extended periods. The paid ridge viewpoints keep their own hours."
"Tagaytay Picnic Grove",Cavite,"Tagaytay City",14.12,121,economy,"₱20–₱100 local short-trip estimate (route/operator varies)",₱75,75.00,₱150–₱300/person,"₱0 — no separate activity fee identified",₱300–₱700,500.00,"Fixed Rate","Standard adult entry token for eco-ridge trails.",120–240,180,countryside,family-friendly,budget-friendly,"local transport; food/drinks; entrance/environmental fee",06:00,22:00,,open,https://www.thepoortraveler.net/tagaytay-picnic-grove-guide/,2026-09-27,,,https://www.thepoortraveler.net/tagaytay-picnic-grove-guide/,"Tagaytay Picnic Grove guide","Some sources list 08:00-20:00 with later weekend starts, so treat 06:00-22:00 as the outer window and confirm before relying on the edges. Arrive early: afternoon cloud usually hides the volcano."
"Tinipak River and Rock Formation",Rizal,Tanay,14.6,121.44,economy,"₱20–₱100 local short-trip estimate (route/operator varies)",₱100,100.00,₱150–₱300/person,"Variable — no standalone current rate verified","₱500–₱1,000",750.00,"Permit / Conservation Fee","Combined barangay environment and rock formation pass.",180–360,270,nature,camping,water-activities,"local transfer/boat share or local ride; food/drinks; entrance/environmental fee; optional water/activity rental; optional camping/tent/campsite fee",06:00,18:00,,open,https://lakbaypinas.com/mt-daraitan-tanay-rizal-tinipak-river-travel-guide/,2026-09-27,,,https://lakbaypinas.com/mt-daraitan-tanay-rizal-tinipak-river-travel-guide/,"Tinipak River guide","A guide is mandatory and registration is on-site only, with no online booking and no card payment — bring cash. The river can flash-flood with little warning, and swimming is limited to marked zones because of sinkholes."
"Vigan Heritage Site","Ilocos Sur","Vigan City",17.57,120.39,economy,"₱20–₱100 local short-trip estimate (route/operator varies)","₱0 (no separate fee listed)",0.00,₱150–₱300/person,"₱0 — no separate activity fee identified",₱150–₱400,275.00,Free,"Free historical public district block access.",60–120,90,historical,cultural,shopping,"local transport; food/drinks",00:00,23:59,,open,https://whc.unesco.org/en/list/502/,2026-09-27,,always_open,https://whc.unesco.org/en/list/502/,"UNESCO World Heritage Centre","The inscribed historic town is a living district with no gate, so it is accessible at any hour. Individual museums and ancestral homes charge small fees and keep separate hours."
"Wright Park",Benguet,"Baguio City",16.42,120.62,economy,"₱20–₱100 local short-trip estimate (route/operator varies)","₱0 (no separate fee listed)",0.00,₱150–₱300/person,₱200–₱300/hr,₱250–₱500,375.00,Free,"Free park lanes; horseback loops cost ₱200–₱300/hr.",60–120,90,nature,family-friendly,relaxation,"local transport; food/drinks",00:00,23:59,,open,https://lakbaypinas.com/wright-park-baguio-practical-tourist-information/,2026-09-27,,always_open,https://lakbaypinas.com/wright-park-baguio-practical-tourist-information/,"Wright Park guide","Ungated and free, so walkable at any hour. Horseback riding, the only paid activity, runs from about 07:00 until sunset."
"Zoobic Safari",Zambales,Subic,14.75,120.27,premium,"₱20–₱100 local short-trip estimate (route/operator varies)",₱695,695.00,₱350–₱700/person,"Variable — no standalone current rate verified","₱850–₱1,200",1025.00,"Fixed Rate","Matches the standard Subic Freeport ticket gate rate.",240–360,300,nature,adventure,family-friendly,"local ride to jump-off; guide/registration where required; food/drinks; entrance/environmental fee; activity/admission package",08:00,16:00,,open,https://chillandtravel.com/zoobic-safari-adventure/,2026-09-27,,,https://chillandtravel.com/zoobic-safari-adventure/,"Zoobic Safari listing","Last admission 14:00. Sources disagree on the closing time (16:00 vs 18:00) and the park closes on most public holidays, so confirm on the day."
